10000,100,N READING ,MA,01864,781-944-6710,000-000-0000,978-664-1716
10000,101,AVON ,MA,02322,508-583-2183,000-000-0000,508-580-0513
10000,102,SHREWSBURY ,MA,01545,508-842-4666,800-427-1757,508-842-6565
10000,104,SCHENECTADY ,NY,12304,518-346-4226,800-221-0072,518-346-2091
10000,105,WEST HAVEN ,CT,06516,203-934-5281,800-233-8744,203-933-6107
10000,106,FRANKLIN ,CT,06254,860-886-1411,800-243-2668,860-889-3833
10000,107,OAKVILLE ,CT,06779,860-274-9247,800-992-9723,860-274-2390
10000,108,LINCOLN ,RI,02865,401-333-1770,000-000-0000,401-334-3468
10000,110,WESTPORT ,MA,02790,508-679-4855,800-352-7158,508-679-1960
10000,111,S KEARNY ,NJ,07032,973-344-5100,888-311-0589,973-344-2752
10000,112,TRENTON ,NJ,08619,609-586-2150,000-000-0000,609-586-0714
10000,113,WESTBROOK ,ME,04092,207-856-0110,800-834-6831,207-854-3448
10000,114,STAMFORD ,CT,06902,203-327-7400,800-247-8429,203-325-4707
10000,115,FARMINGDALE ,NJ,07727,732-938-9500,000-000-0000,732-938-5142
10000,116,DEER PARK ,NY,11729,631-242-5200,000-000-0000,631-242-5747
10000,118,DANIELSON ,CT,06239,860-774-9302,800-243-0116,860-774-7996
10000,119,SPRINGFIELD ,MA,01104,413-733-3182,800-698-3182,413-737-9440
10000,120,TANNERSVILLE ,PA,18372,570-629-1030,800-544-9179,570-629-2509
10000,121,EAST BRUNSWICK ,NJ,08816,732-828-7010,000-000-0000,732-828-8536
10000,122,BANGOR ,ME,04401,207-856-0110,000-000-0000,207-854-3448
10000,123,MONTGOMERY ,NY,12549,845-457-1410,000-000-0000,845-457-1417
10000,128,THOROFARE ,NJ,08086,856-456-0800,000-000-0000,856-853-6950
10000,129,BRIDGEWATER ,NJ,08807,732-469-5980,000-000-0000,732-563-4973
10000,131,PITTSTON TOWNSHIP ,PA,18640,570-654-5703,800-982-4386,570-654-3956
10000,133,LANCASTER ,PA,17601,717-397-3541,000-000-0000,717-295-1565
10000,135,CARLISLE ,PA,17013,717-249-9000,800-222-1976,717-240-4130
10000,137,SCHUYLKILL HAVEN ,PA,17972,610-926-2195,800-922-3389,570-385-5132
10000,138,SUNBURY ,PA,17801,570-326-2055,800-541-9408,570-326-5060
10000,139,WILLIAMSPORT ,PA,17701,570-326-2055,800-541-9408,570-326-5060
10000,141,PHILADELPHIA ,PA,19124,215-533-8822,800-441-9418,215-533-1910
10000,143,LINE LEXINGTON ,PA,18932,215-822-2966,800-635-0306,215-822-8362
10000,144,CONCORDVILLE ,PA,19331,610-459-1120,000-000-0000,610-459-4188
10000,146,HAZLETON ,PA,18201,570-455-8524,800-251-7878,570-455-8518
10000,147,LEESPORT ,PA,19533,610-926-2195,800-922-3389,610-926-4185
10000,148,BETHLEHEM ,PA,18017,610-882-9260,800-794-0023,610-882-9268
10000,153,HAGERSTOWN ,MD,21740,301-797-5922,000-000-0000,301-797-7066
10000,155,BALTIMORE ,MD,21224,410-633-4900,000-000-0000,410-633-3782
10000,156,LAUREL ,MD,20707,301-498-3925,000-000-0000,301-498-5162
10000,160,DORVAL ,PQ,H9P2S,514-684-9970,800-361-9758,514-684-1586
10000,162,RICHMOND ,VA,23237,804-275-1427,800-392-0924,804-271-5164
10000,163,VANIER ,PQ,G1M3M,418-686-0220,800-667-7850,418-686-0588
10000,164,ALEXANDRIA ,VA,22304,703-751-3633,800-533-5536,703-370-5103
10000,165,MILLVILLE ,NJ,08332,856-327-4222,000-000-0000,856-327-8654
10000,166,PLESSISVILLE ,PQ,G6L2Y,819-362-6875,000-000-0000,819-362-1267
10000,167,DOVER ,DE,19904,302-736-6311,800-368-3418,302-736-6309
10000,169,SALISBURY ,MD,21801,410-546-9600,800-638-9308,410-860-2585
10000,171,MONCTON ,NB,E1E2K,506-853-5200,888-789-5200,506-853-5205
10000,173,DARTMOUTH ,NS,B3B1K,000-000-0000,000-000-0000,000-000-0000
10000,176,DANBURY ,CT,06810,203-790-4116,000-000-0000,203-794-1159
10000,180,BELLOWS FALLS ,VT,05101,802-463-9907,800-343-1270,802-463-3349
10000,181,NASHUA ,NH,03062,603-881-9826,800-842-7399,603-882-1832
10000,185,AUBURN ,ME,04210,207-856-0110,000-000-0000,207-854-3448
10000,187,BROOKLYN ,NY,11211,718-821-5410,000-000-0000,718-381-7040
10000,188,COLCHESTER ,VT,05446,802-655-0667,800-462-3336,802-655-5804
10000,189,CONCORD ,NH,03301,603-224-1383,800-832-4470,603-226-4499
10000,190,CARLSTADT ,NJ,07072,201-507-0076,800-801-8979,201-507-1390
10000,193,SYOSSETT ,NY,11791,516-496-7800,000-000-0000,516-496-8326
10000,198,ELMIRA ,NY,14903,570-326-2055,800-541-9408,570-326-5060
10000,199,BINGHAMTON ,NY,13901,607-723-7326,800-845-4505,607-723-0701
10000,203,FALLS CREEK ,PA,15840,814-371-1892,800-222-1969,814-375-1181
10000,204,DUNCANSVILLE ,PA,16635,814-695-4804,800-822-2038,814-695-8061
10000,206,NORTH HUNTINGDON ,PA,15642,412-331-3202,800-252-9503,724-864-1839
10000,207,WASHINGTON ,PA,15301,412-331-3202,800-828-7321,724-225-7679
10000,209,FALLSTON ,PA,15066,330-759-1066,000-000-0000,724-847-4080
10000,211,COPLEY ,OH,44321,330-666-8666,800-346-3568,330-665-0244
10000,212,HUBBARD ,OH,44425,330-759-1066,000-000-0000,330-759-6989
10000,213,MCKEES ROCK ,PA,15136,412-331-3202,000-000-0000,412-331-5212
10000,214,OTTAWA ,ON,K1B5M,613-744-4292,800-267-8080,613-744-4257
10000,217,MANSFIELD ,OH,44902,419-223-5070,800-472-0975,419-229-4604
10000,219,FREMONT ,OH,43420,419-332-9404,000-000-0000,419-332-7553
10000,221,CLEVELAND ,OH,44142,216-362-8600,000-000-0000,216-362-8609
10000,222,MISSISSAUGA ,ON,L4W3Y,905-670-9366,000-000-0000,905-670-4525
10000,224,WILLOUGHBY ,OH,44094,440-942-7700,800-438-2383,440-942-7513
10000,226,DOVER ,OH,44622,330-364-8674,000-000-0000,330-364-8676
10000,231,WEST SENECA ,NY,14224,716-677-3700,800-841-1170,716-677-3755
10000,232,ERIE ,PA,16505,814-838-1957,800-438-4345,814-833-2730
10000,233,ROCHESTER ,NY,14613,585-458-0317,000-000-0000,585-458-4892
10000,234,SYRACUSE ,NY,13211,315-455-2481,800-284-2481,315-455-6546
10000,235,ORISKANY ,NY,13424,315-736-0101,000-000-0000,315-736-0140
10000,236,FALCONER ,NY,14733,716-665-6474,800-344-3031,716-665-6465
10000,237,PLATTSBURGH ,NY,12901,518-561-1299,800-624-2224,802-655-5804
10000,240,RICHMOND ,IN,47374,765-966-3569,800-621-0346,765-966-3032
10000,241,CINCINNATI ,OH,45246,513-874-5700,800-882-1849,513-896-2846
10000,242,COLUMBUS ,OH,43223,614-279-6341,800-842-5486,614-275-5462
10000,243,DAYTON ,OH,45404,937-233-9811,800-237-9558,937-233-2780
10000,244,LOUISVILLE ,KY,40218,502-968-4181,000-000-0000,502-964-0849
10000,246,FT WAYNE ,IN,46806,260-493-2561,800-792-3363,260-493-1161
10000,247,LEXINGTON ,KY,40511,859-255-9531,800-432-0966,859-233-0758
10000,250,LIMA ,OH,45804,419-223-5070,800-472-0972,419-229-4604
10000,251,TOLEDO ,OH,43612,419-729-0631,000-000-0000,419-726-7870
10000,252,TRENTON ,ON,K8V5R,613-392-7856,000-000-0000,000-000-0000
10000,255,MADISON ,IN,47250,812-273-2640,000-000-0000,812-273-2642
10000,259,ARCHBOLD ,OH,43502,419-446-7444,800-472-6749,419-446-7442
10000,260,ANGOLA ,IN,46703,260-665-8413,800-952-6165,260-665-8239
10000,261,TAYLOR ,MI,48180,313-792-0400,800-552-7013,313-274-1974
10000,262,WARREN ,MI,48089,586-779-4550,800-462-9710,586-779-0584
10000,263,SAGINAW ,MI,48601,989-754-1481,800-322-0292,989-754-5500
10000,264,AUBURN HILLS ,MI,48326,248-373-0300,800-422-3906,248-373-3921
10000,265,LANSING ,MI,48917,517-372-2540,000-000-0000,517-372-9939
10000,266,YPSILANTI ,MI,48197,734-434-3700,800-482-4889,734-434-2815
10000,267,JACKSON ,MI,49203,517-764-4700,800-643-0023,517-764-4497
10000,270,ALPENA ,MI,49707,989-354-3153,800-622-3961,989-354-8816
10000,271,KALAMAZOO ,MI,49001,616-349-6791,800-442-4113,616-349-6690
10000,272,GRAND RAPIDS ,MI,49509,616-241-2633,800-442-2653,616-241-1325
10000,273,MUSKEGON ,MI,49444,231-722-1533,800-323-7629,877-728-3619
10000,281,MARLETTE ,MI,48453,989-635-7488,800-662-6664,989-754-5500
10000,283,SARNIA ,ON,N7T7H,519-337-0027,000-000-0000,519-337-5226
10000,284,GAYLORD ,MI,49735,989-732-6758,800-824-8352,989-732-1527
10000,285,WINDSOR ,ON,N8W3T,519-972-7375,000-000-0000,519-966-4118
10000,288,CADILLAC ,MI,49601,231-775-0139,800-442-1744,231-775-7363
10000,289,WOODSTOCK ,ON,N4S7Y,519-539-5993,000-000-0000,519-421-0726
10000,290,BELPRE ,OH,45714,740-423-4996,800-222-9159,740-423-2072
10000,291,LIVELY ,ON,P3Y1L,705-692-3000,000-000-0000,000-000-0000
10000,292,CHARLESTON ,WV,25312,304-346-4497,800-272-4957,304-346-5428
10000,293,WASHINGTON COURT HOUSE ,OH,43160,800-237-5814,000-000-0000,740-335-9243
10000,295,ZANESVILLE ,OH,43701,740-454-0115,000-000-0000,740-454-8100
10000,298,BOWLING GREEN ,KY,42101,270-781-9061,800-452-3061,270-782-6875
10000,300,GLENVIEW ,IL,60025,847-998-4864,000-000-0000,847-998-9266
10000,302,AURORA ,IL,60504,630-844-9595,800-325-1229,630-844-0097
10000,305,ELK GROVE VILLAGE ,IL,60007,847-593-2020,000-000-0000,847-593-2051
10000,306,BARABOO ,WI,53913,608-221-9002,800-362-2223,608-221-2143
10000,307,WAUSAU ,WI,54401,715-359-7605,800-448-4621,715-359-8301
10000,309,CHICAGO HEIGHTS ,IL,60411,708-758-8000,000-000-0000,708-757-1030
10000,311,CHICAGO ,IL,60632,773-737-9400,000-000-0000,773-737-9373
10000,312,SOUTH BEND ,IN,46619,574-288-4901,800-628-8127,574-233-6375
10000,313,OAK CREEK ,WI,53154,414-571-8460,000-000-0000,414-571-4926
10000,314,E PEORIA ,IL,61611,309-694-3156,800-322-1592,309-694-2911
10000,316,LINCOLNSHIRE ,IL,60069,847-634-9120,800-641-9477,847-634-8578
10000,317,JOLIET ,IL,60433,815-727-5161,800-523-1558,815-727-1514
10000,318,WEST CHICAGO ,IL,60185,630-293-1200,800-847-6379,630-293-0880
10000,319,ROCKFORD ,IL,61109,815-397-4285,800-892-7622,815-398-0164
10000,321,INDIANAPOLIS ,IN,46241,317-486-9000,800-622-4865,317-486-4781
10000,322,EVANSVILLE ,IN,47725,812-867-7515,800-457-3124,812-867-5414
10000,328,KOKOMO ,IN,46901,765-457-6694,800-622-4865,317-243-4353
10000,331,LAFAYETTE ,IN,47905,765-457-6694,800-622-4865,317-243-4353
10000,336,CHIPPEWA FALLS ,WI,54729,715-723-1215,000-000-0000,715-723-3839
10000,337,MARINETTE ,WI,54143,715-732-0547,000-000-0000,715-732-4157
10000,341,FENTON ,MO,63026,636-349-5300,000-000-0000,636-349-6398
10000,342,KANSAS CITY ,KS,66106,913-281-5757,800-828-7089,913-551-3118
10000,343,COLUMBIA ,MO,65202,573-449-2794,800-392-2746,573-443-4453
10000,344,QUINCY ,IL,62301,217-228-0357,000-000-0000,573-443-4453
10000,345,SCOTT CITY ,MO,63780,573-335-1914,000-000-0000,573-335-6272
10000,348,PADUCAH ,KY,42001,270-442-4101,000-000-0000,270-443-6212
10000,350,BLOOMINGTON ,IN,47404,812-339-8828,800-622-4865,317-243-4353
10000,351,TERRE HAUTE ,IN,47802,812-232-0451,800-457-0636,812-234-5767
10000,353,COLUMBUS ,IN,47201,812-372-0152,800-622-4865,317-243-4353
10000,354,MCHENRY ,IL,60050,815-385-0505,800-334-7044,815-385-0249
10000,355,SPRINGFIELD ,IL,62707,309-694-3156,800-252-8662,309-694-2911
10000,358,LA SALLE ,IL,61301,815-223-2251,800-892-6839,815-223-5984
10000,362,THUNDER BAY ,ON,P7B6S,807-344-6611,000-000-0000,000-000-0000
10000,364,KENORA ,ON,P9N3X,807-468-6433,000-000-0000,000-000-0000
10000,366,MANKATO ,MN,56001,507-387-4406,800-247-0630,507-345-8261
10000,367,SALINA ,KS,67401,785-825-7100,800-462-5492,785-825-7280
10000,368,SAINT CLOUD ,MN,56301,320-252-1455,000-000-0000,320-252-0636
10000,370,DULUTH ,MN,55806,218-628-2277,000-000-0000,320-252-0636
10000,371,ROCK ISLAND ,IL,61201,309-787-8111,800-798-0789,309-787-6227
10000,375,DES MOINES ,IA,50313,515-262-9751,800-635-2315,515-262-8654
10000,376,MARSHALLTOWN ,IA,50158,641-752-6752,000-000-0000,641-752-6515
10000,377,CEDAR RAPIDS ,IA,52404,319-366-6232,000-000-0000,319-363-0190
10000,378,WATERLOO ,IA,50703,319-233-5271,800-225-0035,319-233-1503
10000,381,OMAHA ,NE,68127,402-339-9200,800-422-0961,402-339-1583
10000,382,PEOSTA ,IA,52068,563-556-6295,800-882-3132,563-556-1217
10000,383,LINCOLN ,NE,68504,402-466-3442,800-742-4005,402-466-6818
10000,385,EAGAN ,MN,55121,651-452-0338,800-833-8138,651-452-0889
10000,386,OTTUMWA ,IA,52501,641-682-8047,800-452-1096,641-682-5301
10000,387,WEST BURLINGTON ,IA,52655,319-754-4686,800-232-8775,319-754-6171
10000,388,ROCHESTER ,MN,55904,507-281-3459,800-562-1509,507-281-8297
10000,389,MASON CITY ,IA,50401,641-424-0032,800-392-8819,641-424-2137
10000,390,GREEN BAY ,WI,54304,920-336-5133,000-000-0000,920-336-2370
10000,392,OSHKOSH ,WI,54904,920-233-8150,800-242-8235,920-233-0083
10000,393,SHEBOYGAN ,WI,53083,920-565-4366,000-000-0000,920-565-3170
10000,394,MADISON ,WI,53716,608-221-9002,800-362-2223,608-221-2143
10000,396,LA CROSSE ,WI,54603,608-781-3000,000-000-0000,608-781-5649
10000,403,MARIETTA ,GA,30062,770-953-6293,888-279-8894,770-933-1804
10000,405,LAWRENCEVILLE ,GA,30045,770-237-3811,800-551-1792,770-237-0542
10000,411,ATLANTA ,GA,30315,404-361-0861,800-732-3738,404-361-0988
10000,412,LA GRANGE ,GA,30240,706-884-8653,000-000-0000,706-882-9347
10000,414,MACON ,GA,31206,478-788-9662,800-342-0574,478-784-8410
10000,415,MONTGOMERY ,AL,36108,334-262-5276,800-462-0926,334-262-1421
10000,418,ALBANY ,GA,31705,229-432-5131,800-237-9554,229-439-7502
10000,419,ROME ,GA,30161,770-953-6293,888-279-8894,770-933-1804
10000,420,PENSACOLA ,FL,32505,850-476-6585,800-432-1280,850-474-3580
10000,421,BIRMINGHAM ,AL,35217,205-841-6401,000-000-0000,205-849-0266
10000,424,ATTALLA ,AL,35954,256-538-7181,800-273-4024,256-538-0546
10000,425,MADISON ,AL,35758,256-772-9216,800-659-0177,256-772-3037
10000,426,MUSCLE SHOALS ,AL,35661,256-383-1221,800-659-9722,256-383-1222
10000,429,MOBILE ,AL,36610,251-457-9274,800-221-9594,251-457-0841
10000,430,BURR RIDGE ,IL,60527,000-000-0000,000-000-0000,000-000-0000
10000,431,MEMPHIS ,TN,38109,901-348-1600,800-238-2730,901-348-1610
10000,432,KNOXVILLE ,TN,37921,865-588-6554,800-438-1295,865-584-8611
10000,433,RINGGOLD ,GA,30736,706-866-5595,800-346-0166,706-861-8210
10000,434,ANTIOCH ,TN,37013,615-331-4701,000-000-0000,615-331-5306
10000,435,JACKSON ,TN,38305,731-424-3142,800-372-8340,731-423-3073
10000,436,COLUMBIA ,TN,38401,931-381-0874,000-000-0000,931-388-9356
10000,445,COOKEVILLE ,TN,38501,931-528-2663,800-821-9707,931-372-2923
10000,446,CLARKSVILLE ,TN,37040,931-552-0033,800-333-8896,931-648-8328
10000,447,SHELBYVILLE ,TN,37160,931-684-3441,000-000-0000,931-684-2534
10000,452,LELAND ,MS,38756,662-563-9618,000-000-0000,662-563-9605
10000,455,JACKSON ,MS,39209,601-922-7690,800-334-4159,601-922-7624
10000,456,BROOKHAVEN ,MS,39601,601-833-3382,800-343-5088,601-833-1696
10000,457,MERIDIAN ,MS,39307,601-482-5111,800-848-1432,601-693-7530
10000,460,EVERGREEN ,AL,36401,850-476-6585,800-432-1280,850-474-3580
10000,461,HATTIESBURG ,MS,39401,601-582-9161,800-468-1548,601-545-2026
10000,462,TUPELO ,MS,38801,662-842-6809,800-458-2757,662-842-9229
10000,465,GULFPORT ,MS,39503,228-539-5288,000-000-0000,228-832-0241
10000,466,AMORY ,MS,38821,662-256-2671,800-876-1546,662-256-2692
10000,470,BATESVILLE ,MS,38606,662-563-9618,000-000-0000,662-563-9605
10000,471,NEW ORLEANS ,LA,70126,504-944-8741,000-000-0000,504-945-7215
10000,473,BATON ROUGE ,LA,70807,225-356-4464,800-256-1441,225-356-6900
10000,476,CARENCRO ,LA,70520,337-896-8496,800-228-9183,337-896-0922
10000,479,WINNIPEG ,MB,R2X1P,204-958-5000,000-000-0000,000-000-0000
10000,480,MONROE ,LA,71201,318-388-3830,800-521-9012,318-388-5859
10000,481,BRANDON ,MB,R7A6N,204-727-2224,000-000-0000,000-000-0000
10000,490,DOTHAN ,AL,36303,334-793-4341,800-239-4341,334-671-8457
10000,502,BRYAN ,TX,77803,979-822-0181,800-645-0026,979-822-3493
10000,504,BEAUMONT ,TX,77707,409-842-1909,800-323-4686,409-842-0546
10000,506,MISSOURI CITY ,TX,77489,281-499-4469,000-000-0000,281-499-6950
10000,510,BOSSIER CITY ,LA,71111,318-746-8377,000-000-0000,318-746-9061
10000,511,IRVING ,TX,75061,972-790-4414,800-648-4931,972-986-2379
10000,512,SAN ANTONIO ,TX,78219,210-222-2311,800-262-1955,210-222-8010
10000,513,WACO ,TX,76705,254-799-4903,000-000-0000,254-799-3338
10000,514,FT WORTH ,TX,76110,817-921-3711,000-000-0000,817-926-9215
10000,515,SHERMAN ,TX,75090,903-892-0646,800-325-2799,903-892-2318
10000,517,TEMPLE ,TX,76504,254-773-1601,800-460-1623,254-773-9836
10000,518,KILGORE ,TX,75662,903-988-1300,800-333-1789,903-988-1400
10000,519,LUFKIN ,TX,75901,936-632-4464,000-000-0000,936-632-4392
10000,521,HOUSTON ,TX,77013,713-675-2511,800-332-8088,713-671-1207
10000,522,AUSTIN ,TX,78754,512-929-3260,800-633-9199,512-929-9013
10000,523,WICHITA FALLS ,TX,76306,817-921-3711,800-544-8941,817-926-9215
10000,526,DALLAS ,TX,75228,214-660-0077,000-000-0000,214-328-2727
10000,531,OKLAHOMA CITY ,OK,73179,405-682-1411,800-522-9029,405-685-1002
10000,532,TULSA ,OK,74145,918-627-1880,800-722-0460,918-627-5945
10000,534,AMARILLO ,TX,79103,806-372-3295,800-634-8940,806-372-7348
10000,547,STRAFFORD ,MO,65757,417-866-1975,800-762-3626,417-866-0263
10000,548,JOPLIN ,MO,64801,417-781-2511,000-000-0000,417-781-7522
10000,550,YOAKUM ,TX,77995,361-293-6301,800-292-1068,361-293-3012
10000,551,CORPUS CHRISTI ,TX,78408,361-289-5636,800-541-5189,361-289-2849
10000,554,BROWNSVILLE ,TX,78521,956-831-4261,800-544-2568,956-831-3517
10000,556,EDINBURG ,TX,78539,956-381-5648,800-543-1934,956-381-6439
10000,557,LAREDO ,TX,78045,956-723-5292,800-773-5542,956-723-9778
10000,558,EAGLE PASS ,TX,78852,830-773-1120,800-882-6442,830-773-8286
10000,563,IOLA ,KS,66749,417-781-2511,000-000-0000,417-781-7522
10000,565,REGINA ,SK,S4N4X,306-359-3222,000-000-0000,000-000-0000
10000,566,SASKATOON ,SK,S7L6B,306-244-3668,000-000-0000,000-000-0000
10000,569,WICHITA ,KS,67209,316-942-1471,800-362-2344,316-945-9317
10000,573,JONESBORO ,AR,72404,870-935-9322,800-635-3794,870-935-1146
10000,577,SEARCY ,AR,72143,501-268-4125,800-992-9974,501-268-7819
10000,580,LITTLE ROCK ,AR,72206,501-490-1607,000-000-0000,501-490-1238
10000,581,SPRINGDALE ,AR,72764,479-756-6123,800-556-3322,479-756-6899
10000,584,HARRISON ,AR,72601,479-756-6123,800-556-3322,479-756-6899
10000,586,MONTICELLO ,AR,71655,870-367-2421,800-332-3218,870-367-6282
10000,587,RUSSELLVILLE ,AR,72801,501-268-4125,800-992-9974,501-268-7819
10000,589,HOPE ,AR,71801,870-777-4300,800-822-8007,888-259-1776
10000,612,MT VERNON ,IL,62864,618-242-1774,000-000-0000,573-335-6272
10000,626,CALGARY ,AB,T2C4M,403-279-6866,000-000-0000,000-000-0000
10000,627,EDMONTON ,AB,T5V1B,780-447-2434,000-000-0000,780-447-2508
10000,631,DANVILLE ,IL,61832,217-443-3407,800-851-3371,217-443-1005
10000,633,MISSOULA ,MT,59808,406-721-2010,000-000-0000,406-721-1762
10000,634,LLOYDMINSTER ,AB,T9V2E,306-825-4785,000-000-0000,000-000-0000
10000,637,EFFINGHAM ,IL,62401,217-443-3407,800-851-3371,217-443-1005
10000,644,KINGSPORT ,TN,37663,423-349-6567,800-621-0514,423-349-5609
10000,645,CHARLOTTESVILLE ,VA,22902,434-293-5111,800-356-2014,540-434-1278
10000,646,WYTHEVILLE ,VA,24382,276-228-8691,800-548-7349,276-228-9447
10000,647,HARRISONBURG ,VA,22802,540-434-0956,800-356-2014,540-434-1278
10000,648,ROANOKE ,VA,24012,540-982-8351,800-637-7279,540-345-3977
10000,649,LYNCHBURG ,VA,24501,434-846-6551,800-542-3004,434-846-6133
10000,650,GREENVILLE ,NC,27834,252-756-5982,800-682-6572,252-756-7808
10000,652,SANFORD ,NC,27330,919-776-4251,800-325-4251,919-775-1896
10000,655,ROCKINGHAM ,NC,28379,910-582-4121,800-334-4156,910-582-0852
10000,656,JACKSONVILLE ,NC,28540,910-353-5141,000-000-0000,910-353-4560
10000,657,CHESAPEAKE ,VA,23324,757-543-6841,000-000-0000,757-543-8305
10000,660,N WILKESBORO ,NC,28659,336-696-2701,000-000-0000,336-696-5932
10000,667,DANVILLE ,VA,24540,434-797-3593,800-325-4212,434-792-0423
10000,669,MYRTLE BEACH ,SC,29577,843-448-1581,800-356-1373,843-448-4625
10000,671,KERNERSVILLE ,NC,27284,336-993-4311,800-458-8691,336-992-1558
10000,672,DURHAM ,NC,27703,919-596-8175,877-695-0450,919-596-1872
10000,673,ARDEN ,NC,28704,828-684-9883,000-000-0000,828-684-7821
10000,676,CONOVER ,NC,28613,828-464-6601,000-000-0000,828-464-8205
10000,679,FAYETTEVILLE ,NC,28301,910-483-0186,800-527-0901,910-483-4941
10000,680,RALEIGH ,NC,27604,919-872-2620,800-842-5354,919-878-8449
10000,681,CHARLOTTE ,NC,28206,704-596-6370,000-000-0000,704-598-9003
10000,682,PIEDMONT ,SC,29673,864-277-9701,800-842-7399,864-299-1015
10000,683,COLUMBIA ,SC,29209,803-776-8550,800-521-2636,803-783-0771
10000,684,AUGUSTA ,GA,30901,706-724-3531,800-554-8404,706-722-3680
10000,685,SAVANNAH ,GA,31405,912-234-2568,000-000-0000,912-238-3528
10000,686,GOLDSBORO ,NC,27534,919-778-6000,800-451-9621,919-778-5903
10000,687,WILMINGTON ,NC,28412,910-791-7754,000-000-0000,910-395-6931
10000,688,CHARLESTON HTS ,SC,29406,843-553-1126,000-000-0000,843-797-5024
10000,690,ROCKY MOUNT ,NC,27801,252-442-6173,800-237-2098,252-442-9704
10000,691,SHELBY ,NC,28150,704-482-0621,800-438-4820,704-484-2574
10000,695,FLORENCE ,SC,29501,843-669-1831,800-233-8719,843-667-0999
10000,700,CATANO ,PR,00963,787-275-1240,000-000-0000,787-788-5745
10000,703,JACKSONVILLE ,FL,32205,904-786-7733,800-843-6138,904-786-5406
10000,705,LAKE PARK ,GA,31636,229-559-6600,800-521-5186,229-559-5147
10000,709,ST CROIX ,VI,00820,000-000-0000,000-000-0000,000-000-0000
10000,710,DAYTONA BEACH ,FL,32117,386-274-4519,000-000-0000,386-274-4219
10000,711,NA ,VI,00820,000-000-0000,000-000-0000,000-000-0000
10000,712,TAMPA ,FL,33634,813-884-3421,000-000-0000,813-888-5840
10000,713,LARGO ,FL,33777,727-546-8902,800-237-3356,727-544-3655
10000,714,OCALA ,FL,34474,352-237-1208,800-792-7988,352-237-0953
10000,716,ORLANDO ,FL,32805,407-295-0562,800-582-8668,407-291-4534
10000,717,ROCKLEDGE ,FL,32955,321-632-7943,000-000-0000,321-632-7958
10000,718,SARASOTA ,FL,34243,941-755-1958,800-337-2219,941-756-1742
10000,719,LAKELAND ,FL,33803,863-665-8171,800-282-9848,863-667-0944
10000,721,MIAMI ,FL,33178,305-556-1470,000-000-0000,305-556-0048
10000,722,POMPANO BEACH ,FL,33069,954-975-0002,000-000-0000,954-960-4973
10000,725,RIVIERA BEACH ,FL,33404,561-844-4307,000-000-0000,561-844-8231
10000,726,FT PIERCE ,FL,33450,772-465-8820,000-000-0000,772-467-1759
10000,728,FT MYERS ,FL,33905,941-332-3247,800-842-8809,941-332-4430
10000,737,TALLAHASSEE ,FL,32316,850-580-0837,000-000-0000,850-580-0869
10000,800,WAIPAHU ,HI,96797,808-671-4611,000-000-0000,808-677-4255
10000,805,SANTA ROSA ,CA,95407,707-523-7084,800-649-7623,707-523-0341
10000,806,BENICIA ,CA,94510,707-745-3762,800-660-3505,707-745-3680
10000,807,SALINAS ,CA,93901,831-757-5051,000-000-0000,831-757-1220
10000,809,WEST SACRAMENTO ,CA,95691,916-371-4555,800-449-7623,916-371-0177
10000,810,SAN FRANCISCO ,CA,94124,415-282-9310,800-339-2029,415-285-3922
10000,811,OAKLAND ,CA,94607,510-763-7921,800-884-4178,510-452-2762
10000,812,MILIPITAS ,CA,95035,408-942-8282,800-834-1777,408-942-9728
10000,813,STOCKTON ,CA,95205,209-466-2901,800-734-7623,209-466-0225
10000,814,FRESNO ,CA,93706,559-233-5251,877-215-6365,559-233-9404
10000,818,NORTH LAS VEGAS ,NV,89030,702-649-0984,000-000-0000,702-649-8213
10000,819,SPARKS ,NV,89431,775-331-6061,800-541-3636,775-331-0578
10000,820,ADELANTO ,CA,92301,760-246-4101,000-000-0000,760-246-2038
10000,821,LOS ANGELES ,CA,90040,323-869-0092,800-290-4533,323-869-9198
10000,822,BAKERSFIELD ,CA,93308,661-589-4723,800-640-7623,661-589-0716
10000,823,OXNARD ,CA,93030,805-988-6511,800-660-8566,805-988-6515
10000,825,ORANGE ,CA,92865,714-279-6500,800-675-7623,714-279-6515
10000,827,PACOIMA ,CA,91331,818-899-9581,800-227-1325,818-899-5594
10000,828,WILMINGTON ,CA,90744,310-549-3880,800-675-6630,310-549-3590
10000,830,BLOOMINGTON ,CA,92316,909-879-1200,866-751-2329,909-879-1283
10000,833,POMONA ,CA,91766,909-622-8084,800-238-9041,909-865-8433
10000,837,ESCONDIDO ,CA,92025,760-746-4931,800-734-4732,760-746-4795
10000,838,SANTEE ,CA,92071,619-448-0003,000-000-0000,619-258-8463
10000,839,SAN DIEGO ,CA,92154,619-661-7058,800-649-9036,619-661-7068
10000,841,PHOENIX ,AZ,85043,602-269-1421,800-368-6745,602-278-7129
10000,842,TUCSON ,AZ,85705,520-624-7431,000-000-0000,520-624-4934
10000,843,YUMA ,AZ,85365,928-343-9316,000-000-0000,928-343-9049
10000,845,NOGALES ,AZ,85621,520-281-9685,000-000-0000,520-281-4871
10000,851,EL PASO ,TX,79936,915-858-9296,800-304-0840,915-858-4057
10000,852,ABILENE ,TX,79601,915-673-4951,800-543-3270,915-677-3850
10000,853,ODESSA ,TX,79761,915-333-6881,800-548-6289,915-335-9533
10000,854,LUBBOCK ,TX,79415,806-762-1485,800-344-9316,806-762-6510
10000,859,ALBUQUERQUE ,NM,87107,505-881-2261,800-468-9320,505-881-2914
10000,860,SIOUX CITY ,IA,51111,712-252-3676,800-852-8206,605-339-0580
10000,861,SIOUX FALLS ,SD,57107,605-339-2526,800-852-8206,605-339-0580
10000,862,KELOWNA ,BC,V1Y7W,250-860-1021,000-000-0000,000-000-0000
10000,863,GRAND ISLAND ,NE,68803,308-381-7639,000-000-0000,402-466-6818
10000,864,FARGO ,ND,58102,701-293-8943,800-732-2963,701-293-8150
10000,870,SEATTLE ,WA,98108,206-587-0104,000-000-0000,206-587-2545
10000,871,SPOKANE ,WA,99202,509-534-6077,000-000-0000,509-534-7341
10000,872,YAKIMA ,WA,98902,509-452-4900,800-222-4198,509-452-5956
10000,873,TACOMA ,WA,98424,253-922-5272,800-552-2205,253-922-3820
10000,874,EVERETT ,WA,98204,425-355-8847,000-000-0000,425-353-9610
10000,875,PORTLAND ,OR,97217,503-286-4002,800-448-1391,503-286-6075
10000,877,EUGENE ,OR,97402,541-484-7065,000-000-0000,541-484-5458
10000,879,ANCHORAGE ,AK,99507,907-344-0099,888-692-5462,907-344-0939
10000,881,SALT LAKE CITY ,UT,84104,801-973-7399,800-920-8294,801-975-9916
10000,882,BOISE ,ID,83705,208-389-9828,000-000-0000,208-389-9890
10000,883,PROVO ,UT,84057,801-229-2310,000-000-0000,801-229-2316
10000,888,BILLINGS ,MT,59101,406-252-8449,000-000-0000,406-259-2153
10000,890,AURORA ,CO,80011,303-363-9862,800-641-9572,303-340-2390
10000,891,COLORADO SPRINGS ,CO,80915,719-574-8228,800-843-2993,719-597-3125
10000,892,BOULDER ,CO,80301,303-443-7700,800-635-1687,303-443-3837
10000,893,FORT COLLINS ,CO,80524,970-482-8111,800-533-7481,970-482-2950
10000,894,CLIFTON ,CO,81501,970-434-3055,800-327-1450,970-434-7118
10000,898,BELLINGHAM ,WA,98226,360-647-0280,800-458-4424,360-650-0941
10000,899,BURNABY ,BC,V5C4E,604-433-3332,604-431-5231,604-433-8889
10000,916,NA ,GU,96910,000-000-0000,000-000-0000,000-000-0000
10000,920,NA ,HI,96720,808-671-4611,000-000-0000,000-000-0000
10000,921,NA ,HI,96732,808-671-4611,000-000-0000,000-000-0000
10000,922,NA ,HI,96734,808-671-4611,000-000-0000,000-000-0000
10000,923,NA ,HI,96793,808-671-4611,000-000-0000,000-000-0000
10000,936,SPENSER ,IA,51301,507-387-4406,000-000-0000,507-345-8261
10000,962,LONDON ,KY,40741,606-877-9512,800-545-5446,606-877-4358
10000,967,CHICO ,CA,95926,530-892-8167,000-000-0000,530-892-8307
