10020,90001,IND,D
10020,90002,IND,D
10020,90003,IND,D
10020,90004,IND,D
10020,90005,IND,D
10020,90006,IND,D
10020,90007,IND,D
10020,90008,IND,D
10020,90009,IND,D
10020,90010,IND,D
10020,90011,IND,D
10020,90012,IND,D
10020,90013,IND,D
10020,90014,IND,D
10020,90015,IND,D
10020,90016,IND,D
10020,90017,IND,D
10020,90018,IND,D
10020,90019,IND,D
10020,90020,IND,D
10020,90021,IND,D
10020,90022,IND,D
10020,90023,IND,D
10020,90024,IND,D
10020,90025,IND,D
10020,90026,IND,D
10020,90027,IND,D
10020,90028,IND,D
10020,90029,IND,D
10020,90030,IND,D
10020,90031,IND,D
10020,90032,IND,D
10020,90033,IND,D
10020,90034,IND,D
10020,90035,IND,D
10020,90036,IND,D
10020,90037,IND,D
10020,90038,IND,D
10020,90039,IND,D
10020,90040,IND,D
10020,90041,IND,D
10020,90042,IND,D
10020,90043,IND,D
10020,90044,IND,D
10020,90045,IND,D
10020,90046,IND,D
10020,90047,IND,D
10020,90048,IND,D
10020,90049,IND,D
10020,90050,IND,D
10020,90051,IND,D
10020,90052,IND,D
10020,90053,IND,D
10020,90054,IND,D
10020,90055,IND,D
10020,90056,IND,D
10020,90057,IND,D
10020,90058,IND,D
10020,90059,IND,D
10020,90060,IND,D
10020,90061,IND,D
10020,90062,IND,D
10020,90063,IND,D
10020,90064,IND,D
10020,90065,IND,D
10020,90066,IND,D
10020,90067,IND,D
10020,90068,IND,D
10020,90069,IND,D
10020,90070,IND,D
10020,90071,IND,D
10020,90072,IND,D
10020,90073,IND,D
10020,90074,IND,D
10020,90075,IND,D
10020,90076,IND,D
10020,90077,IND,D
10020,90078,IND,D
10020,90079,IND,D
10020,90080,IND,D
10020,90081,IND,D
10020,90082,IND,D
10020,90083,IND,D
10020,90084,IND,D
10020,90086,IND,D
10020,90087,IND,D
10020,90088,IND,D
10020,90089,IND,D
10020,90091,IND,D
10020,90093,IND,D
10020,90094,IND,D
10020,90095,IND,D
10020,90096,IND,D
10020,90097,IND,D
10020,90099,IND,D
10020,90101,IND,D
10020,90102,IND,D
10020,90103,IND,D
10020,90174,IND,D
10020,90185,IND,D
10020,90198,IND,D
10020,90201,IND,D
10020,90202,IND,D
10020,90209,IND,D
10020,90210,IND,D
10020,90211,IND,D
10020,90212,IND,D
10020,90213,IND,D
10020,90220,IND,D
10020,90221,IND,D
10020,90222,IND,D
10020,90223,IND,D
10020,90224,IND,D
10020,90230,IND,D
10020,90231,IND,D
10020,90232,IND,D
10020,90233,IND,D
10020,90239,IND,D
10020,90240,IND,D
10020,90241,IND,D
10020,90242,IND,D
10020,90245,IND,D
10020,90247,IND,D
10020,90248,IND,D
10020,90249,IND,D
10020,90250,IND,D
10020,90251,IND,D
10020,90254,IND,D
10020,90255,IND,D
10020,90260,IND,D
10020,90261,IND,D
10020,90262,IND,D
10020,90263,IND,D
10020,90264,IND,D
10020,90265,IND,D
10020,90266,IND,D
10020,90267,IND,D
10020,90270,IND,D
10020,90272,IND,D
10020,90274,IND,D
10020,90275,IND,D
10020,90277,IND,D
10020,90278,IND,D
10020,90280,IND,D
10020,90290,IND,D
10020,90291,IND,D
10020,90292,IND,D
10020,90293,IND,D
10020,90294,IND,D
10020,90295,IND,D
10020,90296,IND,D
10020,90301,IND,D
10020,90302,IND,D
10020,90303,IND,D
10020,90304,IND,D
10020,90305,IND,D
10020,90306,IND,D
10020,90307,IND,D
10020,90308,IND,D
10020,90309,IND,D
10020,90310,IND,D
10020,90311,IND,D
10020,90312,IND,D
10020,90313,IND,D
10020,90397,IND,D
10020,90398,IND,D
10020,90401,IND,D
10020,90402,IND,D
10020,90403,IND,D
10020,90404,IND,D
10020,90405,IND,D
10020,90406,IND,D
10020,90407,IND,D
10020,90408,IND,D
10020,90409,IND,D
10020,90410,IND,D
10020,90411,IND,D
10020,90501,IND,D
10020,90502,IND,D
10020,90503,IND,D
10020,90504,IND,D
10020,90505,IND,D
10020,90506,IND,D
10020,90507,IND,D
10020,90508,IND,D
10020,90509,IND,D
10020,90510,IND,D
10020,90601,IND,D
10020,90602,IND,D
10020,90603,IND,D
10020,90604,IND,D
10020,90605,IND,D
10020,90606,IND,D
10020,90607,IND,D
10020,90608,IND,D
10020,90609,IND,D
10020,90610,IND,D
10020,90612,IND,D
10020,90620,IND,D
10020,90621,IND,D
10020,90622,IND,D
10020,90623,IND,D
10020,90624,IND,D
10020,90630,IND,D
10020,90631,IND,D
10020,90632,IND,D
10020,90633,IND,D
10020,90637,IND,D
10020,90638,IND,D
10020,90639,IND,D
10020,90640,IND,D
10020,90650,IND,D
10020,90651,IND,D
10020,90652,IND,D
10020,90659,IND,D
10020,90660,IND,D
10020,90661,IND,D
10020,90662,IND,D
10020,90665,IND,D
10020,90670,IND,D
10020,90671,IND,D
10020,90680,IND,D
10020,90701,IND,D
10020,90702,IND,D
10020,90703,IND,D
10020,90704,IND,D
10020,90706,IND,D
10020,90707,IND,D
10020,90710,IND,D
10020,90711,IND,D
10020,90712,IND,D
10020,90713,IND,D
10020,90714,IND,D
10020,90715,IND,D
10020,90716,IND,D
10020,90717,IND,D
10020,90720,IND,D
10020,90721,IND,D
10020,90723,IND,D
10020,90731,IND,D
10020,90732,IND,D
10020,90733,IND,D
10020,90734,IND,D
10020,90740,IND,D
10020,90742,IND,D
10020,90743,IND,D
10020,90744,IND,D
10020,90745,IND,D
10020,90746,IND,D
10020,90747,IND,D
10020,90748,IND,D
10020,90749,IND,D
10020,90801,IND,D
10020,90802,IND,D
10020,90803,IND,D
10020,90804,IND,D
10020,90805,IND,D
10020,90806,IND,D
10020,90807,IND,D
10020,90808,IND,D
10020,90809,IND,D
10020,90810,IND,D
10020,90813,IND,D
10020,90814,IND,D
10020,90815,IND,D
10020,90822,IND,D
10020,90831,IND,D
10020,90832,IND,D
10020,90833,IND,D
10020,90834,IND,D
10020,90835,IND,D
10020,90840,IND,D
10020,90842,IND,D
10020,90844,IND,D
10020,90845,IND,D
10020,90846,IND,D
10020,90847,IND,D
10020,90848,IND,D
10020,90853,IND,D
10020,90888,IND,D
10020,90899,IND,D
10020,91001,IND,D
10020,91003,IND,D
10020,91006,IND,D
10020,91007,IND,D
10020,91009,IND,D
10020,91010,IND,D
10020,91011,IND,D
10020,91012,IND,D
10020,91016,IND,D
10020,91017,IND,D
10020,91020,IND,D
10020,91021,IND,D
10020,91023,IND,D
10020,91024,IND,D
10020,91025,IND,D
10020,91030,IND,D
10020,91031,IND,D
10020,91040,IND,D
10020,91041,IND,D
10020,91042,IND,D
10020,91043,IND,D
10020,91046,IND,D
10020,91050,IND,D
10020,91051,IND,D
10020,91066,IND,D
10020,91077,IND,D
10020,91101,IND,D
10020,91102,IND,D
10020,91103,IND,D
10020,91104,IND,D
10020,91105,IND,D
10020,91106,IND,D
10020,91107,IND,D
10020,91108,IND,D
10020,91109,IND,D
10020,91110,IND,D
10020,91114,IND,D
10020,91115,IND,D
10020,91116,IND,D
10020,91117,IND,D
10020,91118,IND,D
10020,91121,IND,D
10020,91123,IND,D
10020,91124,IND,D
10020,91125,IND,D
10020,91126,IND,D
10020,91129,IND,D
10020,91131,IND,D
10020,91175,IND,D
10020,91182,IND,D
10020,91184,IND,D
10020,91185,IND,D
10020,91186,IND,D
10020,91187,IND,D
10020,91188,IND,D
10020,91189,IND,D
10020,91191,IND,D
10020,91201,IND,D
10020,91202,IND,D
10020,91203,IND,D
10020,91204,IND,D
10020,91205,IND,D
10020,91206,IND,D
10020,91207,IND,D
10020,91208,IND,D
10020,91209,IND,D
10020,91210,IND,D
10020,91214,IND,D
10020,91221,IND,D
10020,91222,IND,D
10020,91224,IND,D
10020,91225,IND,D
10020,91226,IND,D
10020,91301,IND,D
10020,91302,IND,D
10020,91303,IND,D
10020,91304,IND,D
10020,91305,IND,D
10020,91306,IND,D
10020,91307,IND,D
10020,91308,IND,D
10020,91309,IND,D
10020,91310,IND,D
10020,91311,IND,D
10020,91312,IND,D
10020,91313,IND,D
10020,91316,IND,D
10020,91319,IND,D
10020,91320,IND,D
10020,91321,IND,D
10020,91322,IND,D
10020,91324,IND,D
10020,91325,IND,D
10020,91326,IND,D
10020,91327,IND,D
10020,91328,IND,D
10020,91329,IND,D
10020,91330,IND,D
10020,91331,IND,D
10020,91333,IND,D
10020,91334,IND,D
10020,91335,IND,D
10020,91337,IND,D
10020,91340,IND,D
10020,91341,IND,D
10020,91342,IND,D
10020,91343,IND,D
10020,91344,IND,D
10020,91345,IND,D
10020,91346,IND,D
10020,91350,IND,D
10020,91351,IND,D
10020,91352,IND,D
10020,91353,IND,D
10020,91354,IND,D
10020,91355,IND,D
10020,91356,IND,D
10020,91357,IND,D
10020,91358,IND,D
10020,91359,IND,D
10020,91360,IND,D
10020,91361,IND,D
10020,91362,IND,D
10020,91363,IND,D
10020,91364,IND,D
10020,91365,IND,D
10020,91367,IND,D
10020,91371,IND,D
10020,91372,IND,D
10020,91376,IND,D
10020,91377,IND,D
10020,91380,IND,D
10020,91381,IND,D
10020,91382,IND,D
10020,91383,IND,D
10020,91384,IND,D
10020,91385,IND,D
10020,91386,IND,D
10020,91387,IND,D
10020,91388,IND,D
10020,91390,IND,D
10020,91392,IND,D
10020,91393,IND,D
10020,91394,IND,D
10020,91395,IND,D
10020,91396,IND,D
10020,91399,IND,D
10020,91401,IND,D
10020,91402,IND,D
10020,91403,IND,D
10020,91404,IND,D
10020,91405,IND,D
10020,91406,IND,D
10020,91407,IND,D
10020,91408,IND,D
10020,91409,IND,D
10020,91410,IND,D
10020,91411,IND,D
10020,91412,IND,D
10020,91413,IND,D
10020,91416,IND,D
10020,91423,IND,D
10020,91426,IND,D
10020,91436,IND,D
10020,91470,IND,D
10020,91482,IND,D
10020,91495,IND,D
10020,91496,IND,D
10020,91497,IND,D
10020,91499,IND,D
10020,91501,IND,D
10020,91502,IND,D
10020,91503,IND,D
10020,91504,IND,D
10020,91505,IND,D
10020,91506,IND,D
10020,91507,IND,D
10020,91508,IND,D
10020,91510,IND,D
10020,91521,IND,D
10020,91522,IND,D
10020,91523,IND,D
10020,91526,IND,D
10020,91601,IND,D
10020,91602,IND,D
10020,91603,IND,D
10020,91604,IND,D
10020,91605,IND,D
10020,91606,IND,D
10020,91607,IND,D
10020,91608,IND,D
10020,91609,IND,D
10020,91611,IND,D
10020,91612,IND,D
10020,91614,IND,D
10020,91615,IND,D
10020,91616,IND,D
10020,91617,IND,D
10020,91618,IND,D
10020,91701,IND,D
10020,91701,IND,D
10020,91702,IND,D
10020,91706,IND,D
10020,91706,IND,D
10020,91708,IND,D
10020,91709,IND,D
10020,91710,IND,D
10020,91711,IND,D
10020,91714,IND,D
10020,91715,IND,D
10020,91716,IND,D
10020,91722,IND,D
10020,91723,IND,D
10020,91724,IND,D
10020,91729,IND,D
10020,91730,IND,D
10020,91731,IND,D
10020,91732,IND,D
10020,91733,IND,D
10020,91734,IND,D
10020,91735,IND,D
10020,91737,IND,D
10020,91737,IND,D
10020,91739,IND,D
10020,91740,IND,D
10020,91741,IND,D
10020,91743,IND,D
10020,91744,IND,D
10020,91745,IND,D
10020,91746,IND,D
10020,91747,IND,D
10020,91748,IND,D
10020,91749,IND,D
10020,91750,IND,D
10020,91752,IND,D
10020,91754,IND,D
10020,91755,IND,D
10020,91756,IND,D
10020,91758,IND,D
10020,91761,IND,D
10020,91762,IND,D
10020,91763,IND,D
10020,91764,IND,D
10020,91765,IND,D
10020,91766,IND,D
10020,91767,IND,D
10020,91768,IND,D
10020,91769,IND,D
10020,91770,IND,D
10020,91771,IND,D
10020,91772,IND,D
10020,91773,IND,D
10020,91775,IND,D
10020,91776,IND,D
10020,91778,IND,D
10020,91780,IND,D
10020,91784,IND,D
10020,91785,IND,D
10020,91786,IND,D
10020,91788,IND,D
10020,91789,IND,D
10020,91790,IND,D
10020,91791,IND,D
10020,91792,IND,D
10020,91793,IND,D
10020,91795,IND,D
10020,91797,IND,D
10020,91798,IND,D
10020,91799,IND,D
10020,91801,IND,D
10020,91802,IND,D
10020,91803,IND,D
10020,91804,IND,D
10020,91841,IND,D
10020,91896,IND,D
10020,91899,IND,D
10020,91901,IND,D
10020,91902,IND,D
10020,91903,IND,D
10020,91905,IND,D
10020,91906,IND,D
10020,91908,IND,D
10020,91909,IND,D
10020,91910,IND,D
10020,91911,IND,D
10020,91912,IND,D
10020,91913,IND,D
10020,91914,IND,D
10020,91915,IND,D
10020,91916,IND,D
10020,91921,IND,D
10020,91932,IND,D
10020,91933,IND,D
10020,91935,IND,D
10020,91941,IND,D
10020,91942,IND,D
10020,91943,IND,D
10020,91944,IND,D
10020,91945,IND,D
10020,91946,IND,D
10020,91950,IND,D
10020,91951,IND,D
10020,91976,IND,D
10020,91977,IND,D
10020,91978,IND,D
10020,91979,IND,D
10020,92007,IND,D
10020,92008,IND,D
10020,92009,IND,D
10020,92013,IND,D
10020,92014,IND,D
10020,92018,IND,D
10020,92019,IND,D
10020,92020,IND,D
10020,92021,IND,D
10020,92022,IND,D
10020,92023,IND,D
10020,92024,IND,D
10020,92025,IND,D
10020,92026,IND,D
10020,92027,IND,D
10020,92028,IND,D
10020,92029,IND,D
10020,92030,IND,D
10020,92033,IND,D
10020,92037,IND,D
10020,92038,IND,D
10020,92039,IND,D
10020,92040,IND,D
10020,92046,IND,D
10020,92049,IND,D
10020,92051,IND,D
10020,92052,IND,D
10020,92054,IND,D
10020,92055,IND,D
10020,92056,IND,D
10020,92057,IND,D
10020,92058,IND,D
10020,92064,IND,D
10020,92065,IND,D
10020,92067,IND,D
10020,92068,IND,D
10020,92069,IND,D
10020,92071,IND,D
10020,92072,IND,D
10020,92074,IND,D
10020,92075,IND,D
10020,92078,IND,D
10020,92079,IND,D
10020,92083,IND,D
10020,92084,IND,D
10020,92085,IND,D
10020,92088,IND,D
10020,92090,IND,D
10020,92091,IND,D
10020,92092,IND,D
10020,92093,IND,D
10020,92096,IND,D
10020,92101,IND,D
10020,92102,IND,D
10020,92103,IND,D
10020,92104,IND,D
10020,92105,IND,D
10020,92106,IND,D
10020,92107,IND,D
10020,92108,IND,D
10020,92108,IND,D
10020,92109,IND,D
10020,92110,IND,D
10020,92111,IND,D
10020,92112,IND,D
10020,92113,IND,D
10020,92114,IND,D
10020,92115,IND,D
10020,92116,IND,D
10020,92117,IND,D
10020,92118,IND,D
10020,92119,IND,D
10020,92120,IND,D
10020,92121,IND,D
10020,92122,IND,D
10020,92123,IND,D
10020,92124,IND,D
10020,92126,IND,D
10020,92127,IND,D
10020,92128,IND,D
10020,92129,IND,D
10020,92130,IND,D
10020,92131,IND,D
10020,92132,IND,D
10020,92133,IND,D
10020,92134,IND,D
10020,92135,IND,D
10020,92136,IND,D
10020,92137,IND,D
10020,92138,IND,D
10020,92139,IND,D
10020,92140,IND,D
10020,92142,IND,D
10020,92143,IND,D
10020,92145,IND,D
10020,92147,IND,D
10020,92149,IND,D
10020,92150,IND,D
10020,92152,IND,D
10020,92153,IND,D
10020,92154,IND,D
10020,92155,IND,D
10020,92158,IND,D
10020,92159,IND,D
10020,92160,IND,D
10020,92161,IND,D
10020,92162,IND,D
10020,92163,IND,D
10020,92164,IND,D
10020,92165,IND,D
10020,92166,IND,D
10020,92167,IND,D
10020,92168,IND,D
10020,92169,IND,D
10020,92170,IND,D
10020,92171,IND,D
10020,92172,IND,D
10020,92173,IND,D
10020,92174,IND,D
10020,92175,IND,D
10020,92176,IND,D
10020,92177,IND,D
10020,92178,IND,D
10020,92179,IND,D
10020,92182,IND,D
10020,92184,IND,D
10020,92186,IND,D
10020,92187,IND,D
10020,92190,IND,D
10020,92191,IND,D
10020,92192,IND,D
10020,92193,IND,D
10020,92194,IND,D
10020,92195,IND,D
10020,92196,IND,D
10020,92197,IND,D
10020,92198,IND,D
10020,92199,IND,D
10020,92201,IND,D
10020,92202,IND,D
10020,92203,IND,D
10020,92210,IND,D
10020,92211,IND,D
10020,92220,IND,D
10020,92223,IND,D
10020,92227,IND,D
10020,92230,IND,D
10020,92231,IND,D
10020,92234,IND,D
10020,92235,IND,D
10020,92236,IND,D
10020,92240,IND,D
10020,92241,IND,D
10020,92243,IND,D
10020,92251,IND,D
10020,92253,IND,D
10020,92255,IND,D
10020,92258,IND,D
10020,92260,IND,D
10020,92261,IND,D
10020,92262,IND,D
10020,92263,IND,D
10020,92264,IND,D
10020,92270,IND,D
10020,92274,IND,D
10020,92276,IND,D
10020,92282,IND,D
10020,92292,IND,D
10020,92301,IND,D
10020,92310,IND,D
10020,92313,IND,D
10020,92316,IND,D
10020,92318,IND,D
10020,92320,IND,D
10020,92324,IND,D
10020,92334,IND,D
10020,92335,IND,D
10020,92336,IND,D
10020,92337,IND,D
10020,92340,IND,D
10020,92345,IND,D
10020,92346,IND,D
10020,92350,IND,D
10020,92354,IND,D
10020,92357,IND,D
10020,92369,IND,D
10020,92373,IND,D
10020,92374,IND,D
10020,92375,IND,D
10020,92376,IND,D
10020,92377,IND,D
10020,92392,IND,D
10020,92393,IND,D
10020,92394,IND,D
10020,92399,IND,D
10020,92401,IND,D
10020,92402,IND,D
10020,92403,IND,D
10020,92404,IND,D
10020,92405,IND,D
10020,92406,IND,D
10020,92407,IND,D
10020,92408,IND,D
10020,92410,IND,D
10020,92411,IND,D
10020,92412,IND,D
10020,92413,IND,D
10020,92414,IND,D
10020,92415,IND,D
10020,92418,IND,D
10020,92420,IND,D
10020,92423,IND,D
10020,92424,IND,D
10020,92427,IND,D
10020,92501,IND,D
10020,92502,IND,D
10020,92503,IND,D
10020,92504,IND,D
10020,92505,IND,D
10020,92506,IND,D
10020,92507,IND,D
10020,92508,IND,D
10020,92509,IND,D
10020,92513,IND,D
10020,92514,IND,D
10020,92515,IND,D
10020,92516,IND,D
10020,92517,IND,D
10020,92518,IND,D
10020,92519,IND,D
10020,92521,IND,D
10020,92522,IND,D
10020,92530,IND,D
10020,92531,IND,D
10020,92532,IND,D
10020,92543,IND,D
10020,92544,IND,D
10020,92545,IND,D
10020,92546,IND,D
10020,92548,IND,D
10020,92551,IND,D
10020,92552,IND,D
10020,92553,IND,D
10020,92554,IND,D
10020,92555,IND,D
10020,92556,IND,D
10020,92557,IND,D
10020,92562,IND,D
10020,92563,IND,D
10020,92564,IND,D
10020,92567,IND,D
10020,92570,IND,D
10020,92571,IND,D
10020,92572,IND,D
10020,92581,IND,D
10020,92582,IND,D
10020,92583,IND,D
10020,92584,IND,D
10020,92585,IND,D
10020,92586,IND,D
10020,92587,IND,D
10020,92589,IND,D
10020,92590,IND,D
10020,92591,IND,D
10020,92592,IND,D
10020,92593,IND,D
10020,92596,IND,D
10020,92599,IND,D
10020,92602,IND,D
10020,92603,IND,D
10020,92604,IND,D
10020,92605,IND,D
10020,92606,IND,D
10020,92607,IND,D
10020,92609,IND,D
10020,92610,IND,D
10020,92612,IND,D
10020,92614,IND,D
10020,92615,IND,D
10020,92616,IND,D
10020,92618,IND,D
10020,92619,IND,D
10020,92620,IND,D
10020,92623,IND,D
10020,92624,IND,D
10020,92625,IND,D
10020,92626,IND,D
10020,92627,IND,D
10020,92628,IND,D
10020,92629,IND,D
10020,92630,IND,D
10020,92637,IND,D
10020,92646,IND,D
10020,92647,IND,D
10020,92648,IND,D
10020,92649,IND,D
10020,92650,IND,D
10020,92651,IND,D
10020,92652,IND,D
10020,92653,IND,D
10020,92654,IND,D
10020,92655,IND,D
10020,92656,IND,D
10020,92657,IND,D
10020,92658,IND,D
10020,92659,IND,D
10020,92660,IND,D
10020,92661,IND,D
10020,92662,IND,D
10020,92663,IND,D
10020,92672,IND,D
10020,92673,IND,D
10020,92674,IND,D
10020,92675,IND,D
10020,92676,IND,D
10020,92677,IND,D
10020,92678,IND,D
10020,92679,IND,D
10020,92683,IND,D
10020,92684,IND,D
10020,92685,IND,D
10020,92688,IND,D
10020,92690,IND,D
10020,92691,IND,D
10020,92692,IND,D
10020,92693,IND,D
10020,92694,IND,D
10020,92694,IND,D
10020,92697,IND,D
10020,92698,IND,D
10020,92701,IND,D
10020,92702,IND,D
10020,92703,IND,D
10020,92704,IND,D
10020,92705,IND,D
10020,92706,IND,D
10020,92707,IND,D
10020,92708,IND,D
10020,92709,IND,D
10020,92710,IND,D
10020,92711,IND,D
10020,92712,IND,D
10020,92728,IND,D
10020,92735,IND,D
10020,92780,IND,D
10020,92781,IND,D
10020,92782,IND,D
10020,92799,IND,D
10020,92801,IND,D
10020,92802,IND,D
10020,92803,IND,D
10020,92804,IND,D
10020,92805,IND,D
10020,92806,IND,D
10020,92807,IND,D
10020,92808,IND,D
10020,92809,IND,D
10020,92811,IND,D
10020,92812,IND,D
10020,92814,IND,D
10020,92815,IND,D
10020,92816,IND,D
10020,92817,IND,D
10020,92821,IND,D
10020,92822,IND,D
10020,92823,IND,D
10020,92825,IND,D
10020,92831,IND,D
10020,92832,IND,D
10020,92833,IND,D
10020,92834,IND,D
10020,92835,IND,D
10020,92836,IND,D
10020,92837,IND,D
10020,92838,IND,D
10020,92840,IND,D
10020,92841,IND,D
10020,92842,IND,D
10020,92843,IND,D
10020,92844,IND,D
10020,92845,IND,D
10020,92846,IND,D
10020,92850,IND,D
10020,92856,IND,D
10020,92857,IND,D
10020,92859,IND,D
10020,92860,IND,D
10020,92861,IND,D
10020,92862,IND,D
10020,92863,IND,D
10020,92864,IND,D
10020,92865,IND,D
10020,92866,IND,D
10020,92867,IND,D
10020,92868,IND,D
10020,92869,IND,D
10020,92870,IND,D
10020,92871,IND,D
10020,92877,IND,D
10020,92878,IND,D
10020,92879,IND,D
10020,92880,IND,D
10020,92881,IND,D
10020,92882,IND,D
10020,92883,IND,D
10020,92885,IND,D
10020,92886,IND,D
10020,92887,IND,D
10020,92899,IND,D
10020,93001,IND,D
10020,93002,IND,D
10020,93003,IND,D
10020,93004,IND,D
10020,93005,IND,D
10020,93006,IND,D
10020,93007,IND,D
10020,93009,IND,D
10020,93010,IND,D
10020,93011,IND,D
10020,93012,IND,D
10020,93013,IND,D
10020,93014,IND,D
10020,93015,IND,D
10020,93016,IND,D
10020,93020,IND,D
10020,93021,IND,D
10020,93022,IND,D
10020,93023,IND,D
10020,93024,IND,D
10020,93030,IND,D
10020,93031,IND,D
10020,93032,IND,D
10020,93033,IND,D
10020,93034,IND,D
10020,93035,IND,D
10020,93040,IND,D
10020,93041,IND,D
10020,93042,IND,D
10020,93043,IND,D
10020,93044,IND,D
10020,93060,IND,D
10020,93061,IND,D
10020,93062,IND,D
10020,93063,IND,D
10020,93064,IND,D
10020,93065,IND,D
10020,93066,IND,D
10020,93067,IND,D
10020,93093,IND,D
10020,93094,IND,D
10020,93099,IND,D
10020,93101,IND,D
10020,93102,IND,D
10020,93103,IND,D
10020,93105,IND,D
10020,93106,IND,D
10020,93107,IND,D
10020,93108,IND,D
10020,93109,IND,D
10020,93110,IND,D
10020,93111,IND,D
10020,93116,IND,D
10020,93117,IND,D
10020,93118,IND,D
10020,93120,IND,D
10020,93121,IND,D
10020,93130,IND,D
10020,93140,IND,D
10020,93150,IND,D
10020,93160,IND,D
10020,93190,IND,D
10020,93199,IND,D
10020,93202,MOD,D
10020,93203,MOD,D
10020,93204,MOD,D
10020,93210,MOD,D
10020,93212,MOD,D
10020,93215,MOD,D
10020,93216,MOD,D
10020,93218,MOD,D
10020,93219,MOD,D
10020,93220,MOD,D
10020,93221,MOD,D
10020,93223,MOD,D
10020,93227,MOD,D
10020,93230,MOD,D
10020,93232,MOD,D
10020,93234,MOD,D
10020,93235,MOD,D
10020,93241,MOD,D
10020,93242,MOD,D
10020,93244,MOD,D
10020,93245,MOD,D
10020,93246,MOD,D
10020,93247,MOD,D
10020,93256,MOD,D
10020,93257,MOD,D
10020,93258,MOD,D
10020,93263,MOD,D
10020,93274,MOD,D
10020,93275,MOD,D
10020,93277,MOD,D
10020,93278,MOD,D
10020,93279,MOD,D
10020,93280,MOD,D
10020,93282,MOD,D
10020,93290,MOD,D
10020,93291,MOD,D
10020,93292,MOD,D
10020,93301,IND,D
10020,93302,IND,D
10020,93303,IND,D
10020,93304,IND,D
10020,93305,IND,D
10020,93306,IND,D
10020,93307,IND,D
10020,93308,IND,D
10020,93309,IND,D
10020,93311,IND,D
10020,93312,IND,D
10020,93313,IND,D
10020,93380,IND,D
10020,93381,IND,D
10020,93382,IND,D
10020,93383,IND,D
10020,93384,IND,D
10020,93385,IND,D
10020,93386,IND,D
10020,93387,IND,D
10020,93388,IND,D
10020,93389,IND,D
10020,93390,IND,D
10020,93401,MOD,D
10020,93422,MOD,D
10020,93436,MOD,D
10020,93442,MOD,D
10020,93446,MOD,D
10020,93454,MOD,D
10020,93501,MOD,D
10020,93523,MOD,D
10020,93534,MOD,D
10020,93535,MOD,D
10020,93536,MOD,D
10020,93539,MOD,D
10020,93550,MOD,D
10020,93551,MOD,D
10020,93552,MOD,D
10020,93561,MOD,D
10020,93584,MOD,D
10020,93586,MOD,D
10020,93590,MOD,D
10020,93591,MOD,D
10020,93599,MOD,D
10020,93610,MOD,D
10020,93611,MOD,D
10020,93612,MOD,D
10020,93613,MOD,D
10020,93614,MOD,D
10020,93618,MOD,D
10020,93620,MOD,D
10020,93622,MOD,D
10020,93624,MOD,D
10020,93625,MOD,D
10020,93626,MOD,D
10020,93630,MOD,D
10020,93631,MOD,D
10020,93635,MOD,D
10020,93637,MOD,D
10020,93638,MOD,D
10020,93639,MOD,D
10020,93640,MOD,D
10020,93641,MOD,D
10020,93650,MOD,D
10020,93654,MOD,D
10020,93657,MOD,D
10020,93662,MOD,D
10020,93665,MOD,D
10020,93701,MOD,D
10020,93702,MOD,D
10020,93703,MOD,D
10020,93704,MOD,D
10020,93705,MOD,D
10020,93706,MOD,D
10020,93707,MOD,D
10020,93708,MOD,D
10020,93709,MOD,D
10020,93710,MOD,D
10020,93711,MOD,D
10020,93712,MOD,D
10020,93714,MOD,D
10020,93715,MOD,D
10020,93716,MOD,D
10020,93717,MOD,D
10020,93718,MOD,D
10020,93720,MOD,D
10020,93721,MOD,D
10020,93722,MOD,D
10020,93724,MOD,D
10020,93725,MOD,D
10020,93726,MOD,D
10020,93727,MOD,D
10020,93728,MOD,D
10020,93729,MOD,D
10020,93740,MOD,D
10020,93741,MOD,D
10020,93744,MOD,D
10020,93745,MOD,D
10020,93747,MOD,D
10020,93750,MOD,D
10020,93755,MOD,D
10020,93760,MOD,D
10020,93761,MOD,D
10020,93762,MOD,D
10020,93764,MOD,D
10020,93765,MOD,D
10020,93771,MOD,D
10020,93772,MOD,D
10020,93773,MOD,D
10020,93774,MOD,D
10020,93775,MOD,D
10020,93776,MOD,D
10020,93777,MOD,D
10020,93778,MOD,D
10020,93779,MOD,D
10020,93780,MOD,D
10020,93784,MOD,D
10020,93786,MOD,D
10020,93790,MOD,D
10020,93791,MOD,D
10020,93792,MOD,D
10020,93793,MOD,D
10020,93794,MOD,D
10020,93844,MOD,D
10020,93888,MOD,D
10020,93901,MOD,D
10020,93925,MOD,D
10020,93930,MOD,D
10020,93940,MOD,D
10020,93950,MOD,D
10020,93960,MOD,D
10020,94002,MOD,D
10020,94003,MOD,D
10020,94005,MOD,D
10020,94010,MOD,D
10020,94011,MOD,D
10020,94012,MOD,D
10020,94013,MOD,D
10020,94014,MOD,D
10020,94015,MOD,D
10020,94016,MOD,D
10020,94017,MOD,D
10020,94022,MOD,D
10020,94023,MOD,D
10020,94024,MOD,D
10020,94025,MOD,D
10020,94026,MOD,D
10020,94027,MOD,D
10020,94028,MOD,D
10020,94029,MOD,D
10020,94030,MOD,D
10020,94031,MOD,D
10020,94035,MOD,D
10020,94039,MOD,D
10020,94040,MOD,D
10020,94041,MOD,D
10020,94042,MOD,D
10020,94043,MOD,D
10020,94059,MOD,D
10020,94061,MOD,D
10020,94062,MOD,D
10020,94063,MOD,D
10020,94064,MOD,D
10020,94065,MOD,D
10020,94066,MOD,D
10020,94067,MOD,D
10020,94070,MOD,D
10020,94071,MOD,D
10020,94080,MOD,D
10020,94083,MOD,D
10020,94085,MOD,D
10020,94086,MOD,D
10020,94087,MOD,D
10020,94088,MOD,D
10020,94089,MOD,D
10020,94090,MOD,D
10020,94096,MOD,D
10020,94098,MOD,D
10020,94099,MOD,D
10020,94101,MOD,D
10020,94102,MOD,D
10020,94103,MOD,D
10020,94104,MOD,D
10020,94105,MOD,D
10020,94106,MOD,D
10020,94107,MOD,D
10020,94108,MOD,D
10020,94109,MOD,D
10020,94110,MOD,D
10020,94111,MOD,D
10020,94112,MOD,D
10020,94114,MOD,D
10020,94115,MOD,D
10020,94116,MOD,D
10020,94117,MOD,D
10020,94118,MOD,D
10020,94119,MOD,D
10020,94120,MOD,D
10020,94121,MOD,D
10020,94122,MOD,D
10020,94123,MOD,D
10020,94124,MOD,D
10020,94125,MOD,D
10020,94126,MOD,D
10020,94127,MOD,D
10020,94128,MOD,D
10020,94129,MOD,D
10020,94130,MOD,D
10020,94131,MOD,D
10020,94132,MOD,D
10020,94133,MOD,D
10020,94134,MOD,D
10020,94135,MOD,D
10020,94136,MOD,D
10020,94137,MOD,D
10020,94138,MOD,D
10020,94139,MOD,D
10020,94140,MOD,D
10020,94141,MOD,D
10020,94142,MOD,D
10020,94143,MOD,D
10020,94144,MOD,D
10020,94145,MOD,D
10020,94146,MOD,D
10020,94147,MOD,D
10020,94150,MOD,D
10020,94151,MOD,D
10020,94152,MOD,D
10020,94153,MOD,D
10020,94154,MOD,D
10020,94155,MOD,D
10020,94156,MOD,D
10020,94157,MOD,D
10020,94159,MOD,D
10020,94160,MOD,D
10020,94161,MOD,D
10020,94162,MOD,D
10020,94163,MOD,D
10020,94164,MOD,D
10020,94165,MOD,D
10020,94166,MOD,D
10020,94167,MOD,D
10020,94168,MOD,D
10020,94169,MOD,D
10020,94170,MOD,D
10020,94171,MOD,D
10020,94172,MOD,D
10020,94175,MOD,D
10020,94177,MOD,D
10020,94188,MOD,D
10020,94203,MOD,D
10020,94204,MOD,D
10020,94205,MOD,D
10020,94206,MOD,D
10020,94207,MOD,D
10020,94208,MOD,D
10020,94209,MOD,D
10020,94211,MOD,D
10020,94229,MOD,D
10020,94230,MOD,D
10020,94232,MOD,D
10020,94234,MOD,D
10020,94235,MOD,D
10020,94236,MOD,D
10020,94237,MOD,D
10020,94239,MOD,D
10020,94240,MOD,D
10020,94243,MOD,D
10020,94244,MOD,D
10020,94245,MOD,D
10020,94246,MOD,D
10020,94247,MOD,D
10020,94248,MOD,D
10020,94249,MOD,D
10020,94250,MOD,D
10020,94252,MOD,D
10020,94253,MOD,D
10020,94254,MOD,D
10020,94256,MOD,D
10020,94257,MOD,D
10020,94258,MOD,D
10020,94259,MOD,D
10020,94261,MOD,D
10020,94262,MOD,D
10020,94263,MOD,D
10020,94267,MOD,D
10020,94268,MOD,D
10020,94269,MOD,D
10020,94271,MOD,D
10020,94273,MOD,D
10020,94274,MOD,D
10020,94277,MOD,D
10020,94278,MOD,D
10020,94279,MOD,D
10020,94280,MOD,D
10020,94282,MOD,D
10020,94283,MOD,D
10020,94284,MOD,D
10020,94285,MOD,D
10020,94286,MOD,D
10020,94287,MOD,D
10020,94288,MOD,D
10020,94289,MOD,D
10020,94290,MOD,D
10020,94291,MOD,D
10020,94293,MOD,D
10020,94294,MOD,D
10020,94295,MOD,D
10020,94296,MOD,D
10020,94297,MOD,D
10020,94298,MOD,D
10020,94299,MOD,D
10020,94301,MOD,D
10020,94302,MOD,D
10020,94303,MOD,D
10020,94303,MOD,D
10020,94304,MOD,D
10020,94305,MOD,D
10020,94306,MOD,D
10020,94307,MOD,D
10020,94308,MOD,D
10020,94309,MOD,D
10020,94310,MOD,D
10020,94401,MOD,D
10020,94402,MOD,D
10020,94403,MOD,D
10020,94404,MOD,D
10020,94405,MOD,D
10020,94406,MOD,D
10020,94407,MOD,D
10020,94408,MOD,D
10020,94409,MOD,D
10020,94497,MOD,D
10020,94501,MOD,D
10020,94502,MOD,D
10020,94503,MOD,D
10020,94506,MOD,D
10020,94507,MOD,D
10020,94509,MOD,D
10020,94510,MOD,D
10020,94511,MOD,D
10020,94513,MOD,D
10020,94514,MOD,D
10020,94515,MOD,D
10020,94516,MOD,D
10020,94517,MOD,D
10020,94518,MOD,D
10020,94519,MOD,D
10020,94520,MOD,D
10020,94521,MOD,D
10020,94522,MOD,D
10020,94523,MOD,D
10020,94524,MOD,D
10020,94525,MOD,D
10020,94526,MOD,D
10020,94527,MOD,D
10020,94528,MOD,D
10020,94529,MOD,D
10020,94530,MOD,D
10020,94531,MOD,D
10020,94533,MOD,D
10020,94535,MOD,D
10020,94536,MOD,D
10020,94537,MOD,D
10020,94538,MOD,D
10020,94539,MOD,D
10020,94540,MOD,D
10020,94541,MOD,D
10020,94542,MOD,D
10020,94543,MOD,D
10020,94544,MOD,D
10020,94545,MOD,D
10020,94546,MOD,D
10020,94547,MOD,D
10020,94548,MOD,D
10020,94549,MOD,D
10020,94550,MOD,D
10020,94551,MOD,D
10020,94552,MOD,D
10020,94553,MOD,D
10020,94555,MOD,D
10020,94556,MOD,D
10020,94557,MOD,D
10020,94558,MOD,D
10020,94559,MOD,D
10020,94560,MOD,D
10020,94561,MOD,D
10020,94562,MOD,D
10020,94563,MOD,D
10020,94564,MOD,D
10020,94565,MOD,D
10020,94566,MOD,D
10020,94567,MOD,D
10020,94568,MOD,D
10020,94569,MOD,D
10020,94570,MOD,D
10020,94571,MOD,D
10020,94572,MOD,D
10020,94573,MOD,D
10020,94574,MOD,D
10020,94575,MOD,D
10020,94577,MOD,D
10020,94578,MOD,D
10020,94579,MOD,D
10020,94580,MOD,D
10020,94581,MOD,D
10020,94583,MOD,D
10020,94585,MOD,D
10020,94586,MOD,D
10020,94587,MOD,D
10020,94588,MOD,D
10020,94589,MOD,D
10020,94590,MOD,D
10020,94591,MOD,D
10020,94592,MOD,D
10020,94595,MOD,D
10020,94596,MOD,D
10020,94597,MOD,D
10020,94598,MOD,D
10020,94599,MOD,D
10020,94601,MOD,D
10020,94602,MOD,D
10020,94603,MOD,D
10020,94604,MOD,D
10020,94605,MOD,D
10020,94606,MOD,D
10020,94607,MOD,D
10020,94608,MOD,D
10020,94609,MOD,D
10020,94610,MOD,D
10020,94611,MOD,D
10020,94612,MOD,D
10020,94613,MOD,D
10020,94614,MOD,D
10020,94615,MOD,D
10020,94617,MOD,D
10020,94618,MOD,D
10020,94619,MOD,D
10020,94620,MOD,D
10020,94621,MOD,D
10020,94622,MOD,D
10020,94623,MOD,D
10020,94624,MOD,D
10020,94625,MOD,D
10020,94626,MOD,D
10020,94627,MOD,D
10020,94643,MOD,D
10020,94649,MOD,D
10020,94659,MOD,D
10020,94660,MOD,D
10020,94661,MOD,D
10020,94662,MOD,D
10020,94666,MOD,D
10020,94701,MOD,D
10020,94702,MOD,D
10020,94703,MOD,D
10020,94704,MOD,D
10020,94705,MOD,D
10020,94706,MOD,D
10020,94707,MOD,D
10020,94708,MOD,D
10020,94709,MOD,D
10020,94710,MOD,D
10020,94712,MOD,D
10020,94720,MOD,D
10020,94801,MOD,D
10020,94802,MOD,D
10020,94804,MOD,D
10020,94805,MOD,D
10020,94806,MOD,D
10020,94807,MOD,D
10020,94808,MOD,D
10020,94850,MOD,D
10020,94901,MOD,D
10020,94903,MOD,D
10020,94904,MOD,D
10020,94912,MOD,D
10020,94913,MOD,D
10020,94914,MOD,D
10020,94915,MOD,D
10020,94920,MOD,D
10020,94925,MOD,D
10020,94926,MOD,D
10020,94927,MOD,D
10020,94928,MOD,D
10020,94930,MOD,D
10020,94931,MOD,D
10020,94933,MOD,D
10020,94939,MOD,D
10020,94941,MOD,D
10020,94942,MOD,D
10020,94945,MOD,D
10020,94947,MOD,D
10020,94948,MOD,D
10020,94949,MOD,D
10020,94952,MOD,D
10020,94953,MOD,D
10020,94954,MOD,D
10020,94955,MOD,D
10020,94957,MOD,D
10020,94960,MOD,D
10020,94964,MOD,D
10020,94965,MOD,D
10020,94966,MOD,D
10020,94970,MOD,D
10020,94974,MOD,D
10020,94975,MOD,D
10020,94976,MOD,D
10020,94977,MOD,D
10020,94978,MOD,D
10020,94979,MOD,D
10020,94998,MOD,D
10020,94999,MOD,D
10020,95002,MOD,D
10020,95008,MOD,D
10020,95009,MOD,D
10020,95011,MOD,D
10020,95012,MOD,D
10020,95014,MOD,D
10020,95015,MOD,D
10020,95020,MOD,D
10020,95021,MOD,D
10020,95023,MOD,D
10020,95024,MOD,D
10020,95030,MOD,D
10020,95031,MOD,D
10020,95032,MOD,D
10020,95033,MOD,D
10020,95035,MOD,D
10020,95036,MOD,D
10020,95037,MOD,D
10020,95038,MOD,D
10020,95045,MOD,D
10020,95050,MOD,D
10020,95051,MOD,D
10020,95052,MOD,D
10020,95053,MOD,D
10020,95054,MOD,D
10020,95055,MOD,D
10020,95056,MOD,D
10020,95060,MOD,D
10020,95061,MOD,D
10020,95062,MOD,D
10020,95063,MOD,D
10020,95064,MOD,D
10020,95065,MOD,D
10020,95066,MOD,D
10020,95067,MOD,D
10020,95070,MOD,D
10020,95071,MOD,D
10020,95073,MOD,D
10020,95076,MOD,D
10020,95077,MOD,D
10020,95101,MOD,D
10020,95102,MOD,D
10020,95103,MOD,D
10020,95106,MOD,D
10020,95108,MOD,D
10020,95109,MOD,D
10020,95110,MOD,D
10020,95111,MOD,D
10020,95112,MOD,D
10020,95113,MOD,D
10020,95114,MOD,D
10020,95115,MOD,D
10020,95116,MOD,D
10020,95117,MOD,D
10020,95118,MOD,D
10020,95119,MOD,D
10020,95120,MOD,D
10020,95121,MOD,D
10020,95122,MOD,D
10020,95123,MOD,D
10020,95124,MOD,D
10020,95125,MOD,D
10020,95126,MOD,D
10020,95127,MOD,D
10020,95128,MOD,D
10020,95129,MOD,D
10020,95130,MOD,D
10020,95131,MOD,D
10020,95132,MOD,D
10020,95133,MOD,D
10020,95134,MOD,D
10020,95135,MOD,D
10020,95136,MOD,D
10020,95137,MOD,D
10020,95138,MOD,D
10020,95139,MOD,D
10020,95141,MOD,D
10020,95142,MOD,D
10020,95148,MOD,D
10020,95150,MOD,D
10020,95151,MOD,D
10020,95152,MOD,D
10020,95153,MOD,D
10020,95154,MOD,D
10020,95155,MOD,D
10020,95156,MOD,D
10020,95157,MOD,D
10020,95158,MOD,D
10020,95159,MOD,D
10020,95160,MOD,D
10020,95161,MOD,D
10020,95164,MOD,D
10020,95170,MOD,D
10020,95171,MOD,D
10020,95172,MOD,D
10020,95173,MOD,D
10020,95190,MOD,D
10020,95191,MOD,D
10020,95192,MOD,D
10020,95193,MOD,D
10020,95194,MOD,D
10020,95196,MOD,D
10020,95201,MOD,D
10020,95202,MOD,D
10020,95203,MOD,D
10020,95204,MOD,D
10020,95205,MOD,D
10020,95206,MOD,D
10020,95207,MOD,D
10020,95208,MOD,D
10020,95209,MOD,D
10020,95210,MOD,D
10020,95211,MOD,D
10020,95212,MOD,D
10020,95213,MOD,D
10020,95215,MOD,D
10020,95219,MOD,D
10020,95220,MOD,D
10020,95227,MOD,D
10020,95231,MOD,D
10020,95236,MOD,D
10020,95237,MOD,D
10020,95240,MOD,D
10020,95241,MOD,D
10020,95242,MOD,D
10020,95258,MOD,D
10020,95267,MOD,D
10020,95269,MOD,D
10020,95290,MOD,D
10020,95297,MOD,D
10020,95298,MOD,D
10020,95301,MOD,D
10020,95304,MOD,D
10020,95304,MOD,D
10020,95307,MOD,D
10020,95315,MOD,D
10020,95316,MOD,D
10020,95319,MOD,D
10020,95320,MOD,D
10020,95324,MOD,D
10020,95326,MOD,D
10020,95328,MOD,D
10020,95329,MOD,D
10020,95330,MOD,D
10020,95334,MOD,D
10020,95336,MOD,D
10020,95337,MOD,D
10020,95340,MOD,D
10020,95341,MOD,D
10020,95342,MOD,D
10020,95343,MOD,D
10020,95344,MOD,D
10020,95348,MOD,D
10020,95350,MOD,D
10020,95351,MOD,D
10020,95352,MOD,D
10020,95353,MOD,D
10020,95354,MOD,D
10020,95355,MOD,D
10020,95356,MOD,D
10020,95357,MOD,D
10020,95358,MOD,D
10020,95360,MOD,D
10020,95361,MOD,D
10020,95363,MOD,D
10020,95366,MOD,D
10020,95367,MOD,D
10020,95368,MOD,D
10020,95369,MOD,D
10020,95376,MOD,D
10020,95377,MOD,D
10020,95378,MOD,D
10020,95380,MOD,D
10020,95381,MOD,D
10020,95382,MOD,D
10020,95386,MOD,D
10020,95387,MOD,D
10020,95388,MOD,D
10020,95390,MOD,D
10020,95391,MOD,D
10020,95397,MOD,D
10020,95401,MOD,D
10020,95402,MOD,D
10020,95403,MOD,D
10020,95404,MOD,D
10020,95405,MOD,D
10020,95406,MOD,D
10020,95407,MOD,D
10020,95408,MOD,D
10020,95409,MOD,D
10020,95425,MOD,D
10020,95437,MOD,D
10020,95444,MOD,D
10020,95448,MOD,D
10020,95453,MOD,D
10020,95472,MOD,D
10020,95473,MOD,D
10020,95476,MOD,D
10020,95482,MOD,D
10020,95490,MOD,D
10020,95501,MOD,D
10020,95531,MOD,D
10020,95540,MOD,D
10020,95565,MOD,D
10020,95602,MOD,D
10020,95603,MOD,D
10020,95604,MOD,D
10020,95605,MOD,D
10020,95608,MOD,D
10020,95609,MOD,D
10020,95610,MOD,D
10020,95611,MOD,D
10020,95616,MOD,D
10020,95617,MOD,D
10020,95620,MOD,D
10020,95621,MOD,D
10020,95624,MOD,D
10020,95625,MOD,D
10020,95626,MOD,D
10020,95627,MOD,D
10020,95628,MOD,D
10020,95630,MOD,D
10020,95632,MOD,D
10020,95648,MOD,D
10020,95650,MOD,D
10020,95652,MOD,D
10020,95652,MOD,D
10020,95652,MOD,D
10020,95653,MOD,D
10020,95654,MOD,D
10020,95655,MOD,D
10020,95660,MOD,D
10020,95661,MOD,D
10020,95662,MOD,D
10020,95667,MOD,D
10020,95670,MOD,D
10020,95671,MOD,D
10020,95673,MOD,D
10020,95677,MOD,D
10020,95678,MOD,D
10020,95687,MOD,D
10020,95688,MOD,D
10020,95691,MOD,D
10020,95693,MOD,D
10020,95695,MOD,D
10020,95696,MOD,D
10020,95697,MOD,D
10020,95713,MOD,D
10020,95741,MOD,D
10020,95742,MOD,D
10020,95743,MOD,D
10020,95746,MOD,D
10020,95747,MOD,D
10020,95758,MOD,D
10020,95759,MOD,D
10020,95763,MOD,D
10020,95765,MOD,D
10020,95776,MOD,D
10020,95798,MOD,D
10020,95799,MOD,D
10020,95812,MOD,D
10020,95813,MOD,D
10020,95814,MOD,D
10020,95815,MOD,D
10020,95816,MOD,D
10020,95817,MOD,D
10020,95818,MOD,D
10020,95819,MOD,D
10020,95820,MOD,D
10020,95821,MOD,D
10020,95822,MOD,D
10020,95823,MOD,D
10020,95824,MOD,D
10020,95825,MOD,D
10020,95826,MOD,D
10020,95827,MOD,D
10020,95828,MOD,D
10020,95829,MOD,D
10020,95830,MOD,D
10020,95831,MOD,D
10020,95832,MOD,D
10020,95833,MOD,D
10020,95834,MOD,D
10020,95835,MOD,D
10020,95836,MOD,D
10020,95837,MOD,D
10020,95838,MOD,D
10020,95840,MOD,D
10020,95841,MOD,D
10020,95842,MOD,D
10020,95843,MOD,D
10020,95851,MOD,D
10020,95852,MOD,D
10020,95853,MOD,D
10020,95857,MOD,D
10020,95860,MOD,D
10020,95864,MOD,D
10020,95865,MOD,D
10020,95866,MOD,D
10020,95867,MOD,D
10020,95873,MOD,D
10020,95887,MOD,D
10020,95894,MOD,D
10020,95899,MOD,D
10020,95901,MOD,D
10020,95926,MOD,D
10020,95932,MOD,D
10020,95945,MOD,D
10020,95948,MOD,D
10020,95959,MOD,D
10020,95963,MOD,D
10020,95965,MOD,D
10020,95967,MOD,D
10020,95971,MOD,D
10020,95991,MOD,D
10020,95992,MOD,D
10020,95993,MOD,D
10020,96001,MOD,D
10020,96007,MOD,D
10020,96021,MOD,D
10020,96025,MOD,D
10020,96067,MOD,D
10020,96080,MOD,D
10020,96097,MOD,D
10020,96101,MOD,D
10020,96127,MOD,D
